Transaction reference,Transaction Date,Period,Description,Account code,Debit/Credit,Amount,Amount In Currency,Currency,Branch Id ,Department Id
-395556,30/4/2021,04/2021,Purchase: CASH PURCHASES 30-4-2021-+-+*/+,40110032,C,140000,140000,LL,6,6
-395556,30/4/2021,04/2021,Purchase: CASH PURCHASES 30-4-2021-+-+*/+,61110001,D,140000,140000,LL,6,6
-395556,30/4/2021,30/04/2021,Purchase: CASH PURCHASES ,44210100,D,0,0,LL,6,6
-395546,30/4/2021,04/2021,Purchase: CASH PURCHASES 30-4-2021-+-+,40110032,C,15000,15000,LL,6,6
-395546,30/4/2021,04/2021,Purchase: CASH PURCHASES 30-4-2021-+-+,61110001,D,15000,15000,LL,6,6
-395546,30/4/2021,30/04/2021,Purchase: CASH PURCHASES ,44210100,D,0,0,LL,6,6
-395536,30/4/2021,04/2021,Purchase: CASH PURCHASES 30-4-2021-+,40110032,C,-100000,-100000,LL,6,6
-395536,30/4/2021,04/2021,Purchase: CASH PURCHASES 30-4-2021-+,61110001,D,-100000,-100000,LL,6,6
-395536,30/4/2021,30/04/2021,Purchase: CASH PURCHASES ,44210100,D,0,0,LL,6,6
-395255,30/4/2021,04/2021,Purchase: AUTOMATIC BREWERS S.A.R.L 30-4-2021-+,40110500,C,130000,130000,LL,5,5
-395255,30/4/2021,04/2021,Purchase: AUTOMATIC BREWERS S.A.R.L 30-4-2021-+,61110003,D,130000,130000,LL,5,5
-395255,30/4/2021,30/04/2021,Purchase: AUTOMATIC BREWERS S.A.R.L ,44210100,D,0,0,LL,5,5
-120872,2/7/2019,07/2019,Purchase: SALMON SUPPLIER XXX 18/7/2019,40110047,C,242640,161.76,$,2,2
-120872,2/7/2019,07/2019,Purchase: SALMON SUPPLIER XXX 18/7/2019,61110001,D,242640,161.76,$,2,2
-120872,2/7/2019,02/07/2019,Purchase: SALMON SUPPLIER XXX ,44210100,D,0,0,$,2,2
